"hfpxzc href","qBF1Pd","MW4etd","UY7F9","W4Efsd","W4Efsd 2","W4Efsd 3","W4Efsd 4","UsdlK","lcr4fd href","Cw1rxd","R8c4Qb","Cw1rxd 2","R8c4Qb 2","Jn12ke src","ah5Ghc","W4Efsd 5","W4Efsd 6"
"","","","","","","","","","","","","","","","","",""
"","","","","","","","","","","","","","","","","",""
"https://www.google.com/maps/place/BeCharter+Mallorca/...","BeCharter Mallorca","3.8","(43)","Boat rental service","·","Avinguda de Gabriel Roca, 37, Local C","·","639 63 11 49","https://www.becharter.com/","","Website","","Directions","","","",""
"","Islander Charter Mallorca","5.0","(127)","Boat rental service","","Muelle Pelaires, Club de Mar s/n","","672 68 43 45","https://islandercharter.com/","","","","","","","",""
"","Heaven Mallorca Charter","4.9","(532)","Boat rental service","","Muelle Pelaires, s/n","","669 85 10 05","https://heavenmallorca.com/","","","","","","","",""
"","Llaüt Charter","5.0","(7)","Boat rental service","","Club de Mar","","669 78 92 46","https://www.llautcharter.com/","","","","","","","",""
"","Palma Boats","4.8","(33)","Boat rental service","","Club de Mar s/n, Muelle Pelaires","","699 75 53 06","http://www.palma-boats.com/","","","","","","","",""
"","Bon Charter","5.0","(101)","Boat rental service","","Club de Mar Muelle de Pelaires s/n","","681 90 75 77","https://www.boncharter.com/","","","","","","","",""
"","Almar Baleares Charter","4.6","(28)","Boat rental service","","Calle Club de Mar MUELLE PELAIRES, 0","","687 58 29 76","http://www.almarbaleares.com/","","","","","","","",""
"","Zatara Mar - Yacht Charter - PuraVida","4.8","(79)","Boat rental service","","Club de Mar, Muelle Pelaires","","711 01 34 03","https://boatcharter.zatara.es/en/boat/puravida-motoryacht-majorca-spain-club-de-mar/","","","","","","","",""
"","Mallorca Global Charter","5.0","(57)","Boat rental service","","","","676 00 48 28","https://mallorcaglobalcharter.com/","","","","","","","",""
"","Yates Mallorca Charter","4.7","(53)","Boat rental service","","Marina La Lonja","","971 70 73 97","http://yates-mallorca-charter.com/","","","","","","","",""
"","La Lonja Marina Charter","4.4","(2098)","Marina","","Muelle de la lonja, s/n","","634 27 98 90","http://www.lalonjamarinacharter.com/","","","","","","","",""
"","Gaff Charter Mallorca","5.0","(27)","Boat rental service","","CLUB DE MAR","","680 19 30 06","http://www.gaffcharter-mallorca.com/","","","","","","","",""
"","MALLORCA CHARTER & SERVICES","5.0","(1)","Boat rental service","","CL MUELLE PELAIRES S/N","","646 35 69 33","http://mcspalma.com/","","","","","","","",""
"","Boat rental Palma On Charter","5.0","(115)","Boat rental service","","Marina Palma Cuarentena","","653 46 48 96","http://www.onchartermallorca.com/","","","","","","","",""
"","Moya Charter","5.0","(7)","Boat rental service","","Muelle Pelaires, Club de Mar s/n","","+49 1511 7641032","https://www.moya-charter.com/","","","","","","","",""
"","Js Boat Charter","4.5","(8)","Boat rental service","","","","645 31 96 89","https://jsboatcharter.com/","","","","","","","",""
"","Top Wave Boat Charter","5.0","(6)","Boat rental service","","Muelle Pelaires, s/n","","622 59 85 47","http://www.topwaveboatcharter.com/","","","","","","","",""
"","Sun Charter Mallorca","4.5","(195)","Boat rental service","","Carrer de Sant Pere","","622 45 15 94","https://www.suncharter.de/en/destinations/spain/mallorca","","","","","","","",""
"","ProYachts & Charter Mallorca","4.7","(12)","Boat rental service","","La pau, 8","","678 75 61 18","https://pro-yachts.com/","","","","","","","",""
"","FIRST YACHT CHARTER Mallorca","4.9","(9)","Boat rental service","","marina Cuarentena","","","http://www.daycharter.expert/","","","","","","","",""
"","CharterKing Mallorca","","","Carrer de Pere Dezcallar i Net, 13","","","","971 22 21 11","https://www.charterkingmallorca.de/","","","","","","","",""
"","Sail Trip Mallorca","5.0","(73)","Boat rental service","","s/n Muelle Pelaires 1","","624 56 19 98","http://www.sailtripmallorca.com/","","","","","","","",""
"","Saltytours - Boat Charter Tour","5.0","(45)","Boat rental service","","","","623 93 00 00","http://www.saltytours.es/","","","","","","","",""
"","Yachts & Sailing Mallorca","5.0","(17)","Boat rental service","","Costa de Can Santacília, 3 ático","","677 57 21 00","https://www.yachtsandsailingmallorca.com/","","","","","","","",""
"","Alca Charter","5.0","(1)","Boat rental service","","Muelle Pelaires, s/n","","638 65 00 75","http://www.alcacharter.com/","","","","","","","",""
"","Entre Cabos","5.0","(17)","Boat rental service","","Real Club Náutico de Palma s/n","","622 92 82 20","","","","","","","","",""
"","Bluebnc - Yacht Charter Mallorca by Azul Privé","4.9","(195)","Boat rental service","","Avinguda de Gabriel Roca, 36","","971 25 13 74","http://www.bluebnc.com/","","","","","","","",""
"","Bellatrix boat charter","5.0","(16)","Boat rental service","","Club de Mar Muelle de pelaires s/n","","663 60 94 46","https://sites.google.com/view/bellatrixboatcharter/inicio","","","","","","","",""
"","Pepes Charter - Boat tours","4.8","(22)","Boat rental service","","Passeig Marítim","","658 48 43 01","https://www.pepescharter.com/","","","","","","","",""
"","Mistral Charter","","","Boat rental service","","C/ de ses Rafaletes, 1","","+44 7542 852274","https://mistralcharter.com/","","","","","","","",""
"","La Serena Charter & Boats","5.0","(12)","Boat rental service","","Carretera Dic de l'Oest, 07015","","683 16 84 43","https://www.laserenacharterboats.com/","","","","","","","",""
"","Cool Boats Mallorca Charter","5.0","(6)","Boat rental service","","s/n, Muelle Pelaires","","+49 1520 6055180","http://www.cool-boats.com/","","","","","","","",""
"","Aquila palma Charter","5.0","(2)","Boat rental service","","Real Club Náutico de Palma","","664 31 44 44","https://aquilapalmacharter.com/","","","","","","","",""
"","CNA YACHT CHARTER","5.0","(1)","Boat rental service","","","","","http://cna-yachtcharter.com/","","","","","","","",""
"","Mallorca Charter Experience","5.0","(25)","Boat rental service","","Carrer del Marquès de la Sènia, 39","","652 42 44 97","https://www.mallorcacharterexperience.com/","","","","","","","",""
"","Cheeky Monkey Yacht","","","Boat rental service","","Club de Mar","","","https://www.cheekymonkeyyacht.com/","","","","","","","",""
"","Alboran Charter (La Lonja Marina Charter)","3.1","(93)","Boat rental service","","Muelle La Lonja s/n","","971 90 19 91","http://www.alboran-charter.com/","","","","","","","",""
"","Mallorca Boating - Day Charter & Services","5.0","(3)","Boat tour agency","","Club de Mar - Mallorca","","646 85 23 96","http://www.mallorcaboating.com/","","","","","","","",""
"","First choice yacht charters mallorca","4.4","(14)","Boat rental service","","Marina Port De Mallorca","","+44 7753 667520","https://www.firstchoiceyachtchartersmallorca.com/","","","","","","","",""
"","Vi Charter Mallorca","5.0","(10)","Cruise agency","","Avinguda de Gabriel Roca","","+48 666 666 338","https://rentaboat.club/","","","","","","","",""
"","Latitud Cero Yacht Charter","4.5","(64)","Boat rental service","","La Lonja Marina Charter","","607 30 40 45","http://www.latitudcero.es/","","","","","","","",""
"","Holistic Day Charter Mallorca","","","Boat tour agency","","Muelle de la Lonja","","679 37 59 95","https://holisticdaychartermallorca.com/","","","","","","","",""
"","Ecc Yacht Charter Mallorca","4.6","(272)","Boat rental service","","Muelle de la Lonja, s/n","","615 34 85 76","http://www.eccyacht.com/","","","","","","","",""
"","Mar de Palma Charter","5.0","(11)","Boat tour agency","","","","613 19 89 27","","","","","","","","",""
"","NOSTROMO CHARTER MALLORCA","5.0","(30)","Boat rental service","","Avinguda de Gabriel Roca, s/n","","","http://www.nostromochartermallorca.com/","","","","","","","",""
"","Mallorca Charter Boats","5.0","(4)","Boat rental service","","Carrer de son Espanyolet, 24a","","610 26 46 10","https://mallorcacharterboats.com/","","","","","","","",""
"","CAP Mallorca Charter","4.9","(143)","Boat rental service","","Puerto Calanova","","600 25 80 84","http://www.capmallorca.com/","","","","","","","",""
"","Lagoon-Charter","4.6","(20)","Boat rental service","","Avinguda de Gabriel Roca","","664 42 27 27","http://lagoon-charter.eu/","","","","","","","",""
"","NETWORK CHARTER COLLECTION","","","Boat rental service","","Avinguda de Gabriel Roca, 44","","971 40 39 03","","","","","","","","",""
"","Pacific charters mallorca","5.0","(21)","Boat rental service","","Carrer del Vicari Joaquim Fuster, 96","","608 94 31 10","http://www.pacificmallorca.com/","","","","","","","",""
"","PESCATURISMO PALMA","3.8","(4)","Fishing charter","","Carrer Contramoll Mollet, 5","","622 34 73 89","https://www.pescaturismomallorca.com/","","","","","","","",""
"","Charter Del Mar","3.9","(14)","Boat rental service","","Plaza De San Pedro, 1","","606 59 17 84","http://www.charterdelmar.com/","","","","","","","",""
"","Sailero Boat Charter","5.0","(10)","Boat rental service","","Carrer Mateu Obrador, 1, Local","","672 66 33 86","http://www.sailero.com/","","","","","","","",""
"","five seasons yachting / cruesa mallorca","3.3","(48)","Boat rental service","","Marina La Lonja","","971 28 28 21","http://www.cruesa.com/","","","","","","","",""
"","PlainSailing.com Yacht Charter","","","Boat rental service","","Marina Palma Cuarentena","","+44 800 612 8210","https://plainsailing.com/destinations/spain/palma","","","","","","","",""
"","Naizur - Yacht Charter in Mallorca","5.0","(128)","Boat rental service","","Carrer de Sant Magí, 32","","674 05 17 88","https://www.naizur.com/","","","","","","","",""
"","Balearic Islands Charters - Dream Yacht Worldwide","4.3","(63)","Boat rental service","","Marina Naviera Balear","","691 59 47 00","https://www.dreamyachtcharter.com/destination/balearic-islands/","","","","","","","",""
"","Day Charter Palma","","","Boat rental service","","Muelle de, Carrer de Sant Pere","","+46 72 446 90 30","https://www.daycharterpalma.com/","","","","","","","",""
"","Real Yacht Charter","4.6","(67)","Boat rental service","","","","630 65 94 59","https://www.realyachtcharter.com/","","","","","","","",""
"","Blue Marlin Mallorca boat Charter","","","Boat rental service","","Frente hotel Meliá victoria","","687 60 01 39","https://www.bluemarlincharter.com/","","","","","","","",""
"","Marina Estrella Charter","5.0","(1)","Boat dealer","","Puerto Portals","","669 73 70 05","https://marinaestrellacharter.com/","","","","","","","",""
"","VGO Charter & Services","5.0","(10)","Boat rental service","","Carrer Emili Darder, 55","","633 95 62 07","http://chartervgo.com/","","","","","","","",""
"","IBYACHTING Escola Nautica","4.3","(58)","Boat rental service","","Real Club Náutico de Palma","","686 98 55 03","https://www.escuelanauticaibyachting.com/","","","","","","","",""
"","Sailing Palma","5.0","(26)","Boat tour agency","","muelle de, Carrer de Sant Pere, 1","","637 85 60 32","https://www.sailingpalma.com/","","","","","","","",""
"","Flat Seas Yachting","5.0","(1)","Boat rental service","","Carrer del Marquès de la Sènia","","666 59 19 69","http://www.flatseasyachting.com/","","","","","","","",""
"","Charter Yacht Double D","","","Boat rental service","","Pg. Marítim, s/n","","665 20 92 70","http://dd-yacht.com/","","","","","","","",""
"","SNS YACHT CHARTER","5.0","(6)","Boat rental service","","Carrer Magalhaes, 5","","971 05 90 96","http://www.snsyachtcharter.com/","","","","","","","",""
"","7SEAS CHARTER S.L.","","","Surveyor","","C/Prevision 3, 2 07001","","690 67 29 16","http://7seascharter.net/","","","","","","","",""
"","Ulises Sail Charters","5.0","(10)","Boat tour agency","","Real Club Nautico de Palma","","608 95 35 38","http://linktr.ee/UlisesSail","","","","","","","",""
"","Sunny Day Charter","4.7","(120)","Boat rental service","","Port de Cala Nova","","692 85 54 03","https://sunnydaycharter.com/","","","","","","","",""
"","DC Royal Charter Mallorca","4.3","(56)","Boat rental service","","Passeig Cala Gamba, 34","","640 52 55 70","https://www.royalchartermallorca.com/","","","","","","","",""
"","Yacht Service Charters","","","Boat rental service","","Avinguda de Gabriel Roca, 16a","","676 09 17 11","https://yscharters.com/","","","","","","","",""
"","Mallorca Charter Point","5.0","(2)","Boat rental service","","Local 37, Puerto Portals","","971 10 36 33","http://www.mallorcacharterpoint.com/","","","","","","","",""
"","Charter Mallorca Yachts","","","Boat dealer","","Avinguda de Joan Miró, 327","","660 00 49 43","https://www.chartermallorcayachts.com/","","","","","","","",""
"","Big Blue Charter","","","Boat rental service","","Avinguda de Joan Miró, 327, Amarre 84","","608 41 79 89","https://www.bigbluecharter.com/","","","","","","","",""
"","Sea U charter","5.0","(214)","Boat rental service","","Puerto Portals","","634 82 32 02","https://www.seaucharter.com/","","","","","","","",""
"","Royal Charters Mallorca","4.4","(7)","Fishing charter","","Carrer de José Vargas Ponce, 31","","620 72 49 20","https://www.fishingtripsmallorca.com/home","","","","","","","",""
"","Captain Boleor","4.9","(709)","Boat rental service","","Carrer dels Palangres, 2","","633 63 32 68","https://boleor.com/","","","","","","","",""
"","Moon Charter CP","4.8","(23)","Boat rental service","","Carrer de Virgili, 27","","605 99 66 32","http://instagram.com/moonchartercp","","","","","","","",""
"","Aloha Charter Boat","4.9","(75)","Boat rental service","","Carrer de Virgili","","663 90 05 36","http://aloha-charter.com/","","","","","","","",""
"","Global Charter","5.0","(1)","Corporate office","","Carrer de José Vargas Ponce, 44","","971 26 05 70","http://www.global-charters.com/","","","","","","","",""
"","Mediterranean Yachts - charter department","5.0","(7)","Boat rental service","","Puerto Portals","","609 06 78 06","https://www.med-charters.com/","","","","","","","",""
"","Go Charter Mallorca","5.0","(11)","Boat rental service","","Puerto Portals, Local 75","","635 90 26 46","http://www.gochartermallorca.com/","","","","","","","",""
"","Smart Charter Mallorca","","","Boat rental service","","Puerto Portals","","650 36 25 68","https://smartchartermallorca.com/","","","","","","","",""
"","Balearics Boat Charters","4.8","(62)","Boat rental service","","Puerto Portals","","620 62 69 58","https://www.balearicsboatcharters.com/","","","","","","","",""
"","Charter Shootting Star","5.0","(27)","Boat rental service","","Carrer de Virgili, 27","","611 49 36 15","https://chartershootingstar.com/","","","","","","","",""
"","Luxury Yachts Charter In Mallorca","5.0","(2)","Boat rental service","","Carrer Gremi de Boneters, 19","","669 44 14 42","","","","","","","","",""
"","TheBlueIguana Barcos Charter","5.0","(14)","Boat tour agency","","GHJ9+4Q7","","647 69 31 75","https://www.theblueiguana.pro/","","","","","","","",""
"","Charter Mallorca","5.0","(1)","Carrer de la Mar Mediterrània, 38","","","","636 74 38 75","https://chartermallorca.es/contacto/","","","","","","","",""
"","The Boat Charter Mallorca","","","Boat rental service","","Puerto Portals","","+44 7730 067639","https://theboatcharter.com/mallorca/","","","","","","","",""
"","Hoxton Charters","5.0","(10)","Boat rental service","","Puerto Portals Marina","","604 94 72 09","https://hoxtoncharters.com/","","","","","","","",""
"","Pol Charter","5.0","(20)","Boat tour agency","","Carrer de Virgili, 27","","652 68 07 04","https://www.polcharter.com/","","","","","","","",""
"","Portofino Charters - Yacht Charter and Boat Hire in Mallorca","5.0","(1)","Boat rental service","","Carrer d'en Blanes, 1","","695 57 80 97","https://portofinocharters.com/","","","","","","","",""
"","Lifestyle Charters S.L","5.0","(4)","Yacht broker","","Carrer d'en Blanes, 1","","655 77 04 37","https://www.lifestyle-charters.com/","","","","","","","",""
"","Arenal Boat Charter","4.9","(486)","Boat rental service","","Carrer Roses, 0","","639 92 03 88","http://www.arenalboatcharter.com/","","","","","","","",""
"","Portofino Charter Mallorca","5.0","(2)","Boat rental service","","","","695 57 80 97","http://www.portofinocharters.com/","","","","","","","",""
"","Coastline Charters","","","Boat rental service","","Torre de Capitanía","","662 24 66 87","https://www.coastlinecharters.es/","","","","","","","",""
"","Charter en Mallorca | Live MaJorca Charter","4.9","(29)","Boat tour agency","","","","667 55 36 66","https://livemallorcacharter.com/","","","","","","","",""
"","The Spirit of Palma Motor Yacht Charter","5.0","(16)","Boat rental service","","Platja de Son Maties","","651 43 40 34","https://www.thespiritofpalma.com/","","","","","","","",""
"","Boat Charter Mallorca","5.0","(4)","Boat rental service","","Via Puig des Teix, local no 13","","630 31 31 17","http://www.boatchartermallorca.com/","","","","","","","",""
